,Date,Salmon_exp_vol,Salmon_exp_price,FX_EURONOK,Interest_rate,Food_index
0,2001-01-01,4089,28.04,8.273,5.5,59.936570723993
1,2001-01-08,4959,27.32,8.209,5.5,59.936570723993
2,2001-01-15,4610,26.58,8.2725,5.5,59.936570723993
3,2001-01-22,4470,26.16,8.207,5.5,59.936570723993
4,2001-01-29,4523,26.27,8.196,5.5,59.936570723993
5,2001-02-05,4462,26.73,8.175,5.5,60.232206404034784
6,2001-02-12,4533,26.85,8.175,5.5,60.232206404034784
7,2001-02-19,3807,27.15,8.244,5.5,60.232206404034784
8,2001-02-26,4772,27.44,8.233,5.5,60.232206404034784
9,2001-03-05,4936,28.0,8.19,5.5,61.885426939085434
10,2001-03-12,5334,28.09,8.175,5.5,61.885426939085434
11,2001-03-19,5328,28.08,8.08,5.5,61.885426939085434
12,2001-03-26,5283,27.21,8.03,5.5,61.885426939085434
13,2001-04-02,6047,26.98,8.14,5.5,61.27278758368452
14,2001-04-09,3776,27.77,8.075,5.5,61.27278758368452
15,2001-04-16,4253,27.79,8.115,5.5,61.27278758368452
16,2001-04-23,5246,27.77,8.101,5.5,61.27278758368452
17,2001-04-30,4547,27.46,8.082,5.5,61.27278758368452
18,2001-05-07,5184,27.36,8.04,5.75,62.35193717835056
19,2001-05-14,4913,27.28,7.963,5.75,62.35193717835056
20,2001-05-21,5052,27.13,7.898,5.75,62.35193717835056
21,2001-05-28,5554,27.12,7.9944,5.75,62.35193717835056
22,2001-06-04,4129,27.07,7.95,5.75,61.65256577405282
23,2001-06-11,5454,26.75,7.975,5.75,61.65256577405282
24,2001-06-18,4891,27.03,7.883,5.75,61.65256577405282
25,2001-06-25,5077,26.97,7.905,5.75,61.65256577405282
26,2001-07-02,4247,26.69,7.945,6.25,61.52334742261335
27,2001-07-09,4272,26.19,7.948,6.25,61.52334742261335
28,2001-07-16,4015,26.31,7.996,6.25,61.52334742261335
29,2001-07-23,4075,26.2,8.015,6.25,61.52334742261335
30,2001-07-30,4372,26.32,7.9821,6.25,61.52334742261335
31,2001-08-06,3994,26.71,8.0455,6.25,59.1911062197091
32,2001-08-13,4821,26.05,8.116,6.25,59.1911062197091
33,2001-08-20,4843,26.02,8.1025,6.25,59.1911062197091
34,2001-08-27,5175,25.91,8.055,6.25,59.1911062197091
35,2001-09-03,4746,25.92,7.9805,6.75,58.37148074585955
36,2001-09-10,4833,25.66,8.042,6.75,58.37148074585955
37,2001-09-17,4999,25.15,7.9225,6.75,58.37148074585955
38,2001-09-24,5478,25.08,8.0755,6.75,58.37148074585955
39,2001-10-01,5121,24.55,8.0452,7.0,58.572318192557624
40,2001-10-08,4492,24.66,7.9555,7.0,58.572318192557624
41,2001-10-15,4935,24.43,7.9655,7.0,58.572318192557624
42,2001-10-22,5169,23.98,7.9505,7.0,58.572318192557624
43,2001-10-29,5369,23.28,7.965,7.0,58.572318192557624
44,2001-11-05,5196,23.5,7.8915,7.0,59.29875232550702
45,2001-11-12,5808,23.09,7.9175,7.0,59.29875232550702
46,2001-11-19,5488,23.22,7.9185,7.0,59.29875232550702
47,2001-11-26,6132,22.95,7.995,7.0,59.29875232550702
48,2001-12-03,6720,22.71,7.9765,7.0,59.303331341472244
49,2001-12-10,9219,22.8,8.024,7.0,59.303331341472244
50,2001-12-17,7911,22.86,7.98,7.0,59.303331341472244
51,2001-12-24,2793,22.75,7.964,7.0,59.303331341472244
52,2001-12-31,3353,23.21,7.975,7.0,59.303331341472244
53,2002-01-07,4595,22.51,7.9555,7.0,57.34715241453938
54,2002-01-14,3872,22.28,7.9138,7.0,57.34715241453938
55,2002-01-21,3346,22.96,7.8486,7.0,57.34715241453938
56,2002-01-28,1263,22.65,7.8325,7.0,57.34715241453938
57,2002-02-04,4730,22.28,7.8345,7.0,60.90288263199726
58,2002-02-11,4081,22.39,7.7628,7.0,60.90288263199726
59,2002-02-18,4013,22.65,7.7565,7.0,60.90288263199726
60,2002-02-25,5140,22.73,7.6835,7.0,60.90288263199726
61,2002-03-04,5121,23.05,7.703,7.0,63.61535395691794
62,2002-03-11,5765,23.57,7.7515,7.0,63.61535395691794
63,2002-03-18,6336,23.94,7.6965,7.0,63.61535395691794
64,2002-03-25,3748,23.79,7.71,7.0,63.61535395691794
65,2002-04-01,4828,24.04,7.648,7.0,64.1122292694871
66,2002-04-08,5104,23.87,7.6065,7.0,64.1122292694871
67,2002-04-15,4897,24.03,7.612,7.0,64.1122292694871
68,2002-04-22,4493,23.96,7.5735,7.0,64.1122292694871
69,2002-04-29,4860,23.97,7.571,7.0,64.1122292694871
70,2002-05-06,5118,24.0,7.5725,7.0,64.45896406518521
71,2002-05-13,5929,24.7,7.5465,7.0,64.45896406518521
72,2002-05-20,5521,25.21,7.435,7.0,64.45896406518521
73,2002-05-27,5663,24.75,7.473,7.0,64.45896406518521
74,2002-06-03,5932,24.24,7.4384,7.0,62.51063506518349
75,2002-06-10,5993,23.63,7.4408,7.0,62.51063506518349
76,2002-06-17,5172,23.44,7.39,7.0,62.51063506518349
77,2002-06-24,5254,23.18,7.4342,7.0,62.51063506518349
78,2002-07-01,5145,22.82,7.297,7.0,62.90462017751706
79,2002-07-08,4476,22.7,7.3345,7.0,62.90462017751706
80,2002-07-15,5131,22.8,7.431,7.0,62.90462017751706
81,2002-07-22,4766,22.93,7.54,7.0,62.90462017751706
82,2002-07-29,4785,23.25,7.519,7.0,62.90462017751706
83,2002-08-05,5210,24.1,7.4575,7.0,63.04803570266858
84,2002-08-12,5169,24.05,7.3892,7.0,63.04803570266858
85,2002-08-19,4924,24.22,7.413,7.0,63.04803570266858
86,2002-08-26,4973,23.48,7.3891,7.0,63.04803570266858
87,2002-09-02,5067,23.37,7.353,7.0,62.94328878316282
88,2002-09-09,5352,23.71,7.3465,7.0,62.94328878316282
89,2002-09-16,5064,23.55,7.36,7.0,62.94328878316282
90,2002-09-23,4894,23.85,7.3255,7.0,62.94328878316282
91,2002-09-30,5412,23.74,7.291,7.0,62.94328878316282
92,2002-10-07,5261,23.68,7.2911,7.0,61.27007918049453
93,2002-10-14,5059,23.22,16.9175,7.0,61.27007918049453
94,2002-10-21,6252,22.93,7.3529,7.0,61.27007918049453
95,2002-10-28,5502,23.09,7.3645,7.0,61.27007918049453
96,2002-11-04,6145,22.78,7.3165,7.0,59.52843827024188
97,2002-11-11,5757,22.62,7.3178,7.0,59.52843827024188
98,2002-11-18,5700,22.47,7.298,7.0,59.52843827024188
99,2002-11-25,6830,21.94,7.2839,7.0,59.52843827024188
100,2002-12-02,8613,22.45,7.2911,7.0,58.20038646118636
101,2002-12-09,9967,23.0,7.325,7.0,58.20038646118636
102,2002-12-16,8424,23.39,7.288,7.0,58.20038646118636
103,2002-12-23,2628,23.5,7.2815,7.0,58.20038646118636
104,2002-12-30,2825,22.93,7.2465,7.0,58.20038646118636
105,2003-01-06,5503,23.19,7.241,6.5,58.426574032445075
106,2003-01-13,5051,22.78,7.2795,6.5,58.426574032445075
107,2003-01-20,4812,22.51,7.46,6.5,58.426574032445075
108,2003-01-27,4752,22.68,7.473,6.5,58.426574032445075
109,2003-02-03,4607,22.62,7.499,6.5,56.61842968681664
110,2003-02-10,4702,22.97,7.5255,6.5,56.61842968681664
111,2003-02-17,4772,22.99,7.5435,6.5,56.61842968681664
112,2003-02-24,4265,22.52,7.7175,6.5,56.61842968681664
113,2003-03-03,5586,23.14,7.9495,6.5,59.106335980054595
114,2003-03-10,5101,22.91,7.772,6.5,59.106335980054595
115,2003-03-17,5066,23.05,7.865,6.5,59.106335980054595
116,2003-03-24,6378,23.44,7.8815,6.5,59.106335980054595
117,2003-03-31,6481,23.5,7.7755,6.5,59.106335980054595
118,2003-04-07,6695,22.84,7.8635,6.5,56.27076105757796
119,2003-04-14,4648,22.69,7.8345,6.5,56.27076105757796
120,2003-04-21,5944,22.95,7.8079,6.5,56.27076105757796
121,2003-04-28,5162,22.67,7.86,6.5,56.27076105757796
122,2003-05-05,5986,22.43,7.8803,6.5,55.224638387492234
123,2003-05-12,6581,22.4,7.8903,6.5,55.224638387492234
124,2003-05-19,6510,22.2,7.8713,6.5,55.224638387492234
125,2003-05-26,5799,21.35,7.8748,6.5,55.224638387492234
126,2003-06-02,6385,19.27,8.1457,6.5,55.387984420089644
127,2003-06-09,6434,19.43,8.2082,6.5,55.387984420089644
128,2003-06-16,5769,18.76,8.1782,6.5,55.387984420089644
129,2003-06-23,6179,18.6,8.283,6.5,55.387984420089644
130,2003-06-30,5768,17.67,8.2852,6.5,55.387984420089644
131,2003-07-07,6185,17.46,8.2986,6.5,55.07292554627681
132,2003-07-14,5054,18.26,8.3379,6.5,55.07292554627681
133,2003-07-21,5548,18.07,8.2071,6.5,55.07292554627681
134,2003-07-28,5987,18.09,8.264,6.5,55.07292554627681
135,2003-08-04,5434,18.05,8.172,7.0,54.9645778400589
136,2003-08-11,6220,18.48,8.3125,7.0,54.9645778400589
137,2003-08-18,5399,18.81,8.2828,7.0,54.9645778400589
138,2003-08-25,6289,19.65,8.2502,7.0,54.9645778400589
139,2003-09-01,6565,20.41,8.2255,7.0,54.42654647648955
140,2003-09-08,5636,20.86,8.2636,7.0,54.42654647648955
141,2003-09-15,5621,21.17,8.1525,7.0,54.42654647648955
142,2003-09-22,7397,21.78,8.1035,7.0,54.42654647648955
143,2003-09-29,6337,22.21,8.1782,7.0,54.42654647648955
144,2003-10-06,6062,22.67,8.2181,7.0,52.61040348992157
145,2003-10-13,6976,22.6,8.2586,7.0,52.61040348992157
146,2003-10-20,7962,22.58,8.2645,7.0,52.61040348992157
147,2003-10-27,6153,21.72,8.2335,7.0,52.61040348992157
148,2003-11-03,7396,21.03,8.2306,7.0,52.84088405933745
149,2003-11-10,7044,20.47,8.2055,7.0,52.84088405933745
150,2003-11-17,6429,20.66,8.167,7.0,52.84088405933745
151,2003-11-24,7852,21.22,8.172,7.0,52.84088405933745
152,2003-12-01,7786,21.24,8.089,7.0,51.09944319514531
153,2003-12-08,11559,21.24,8.1875,7.0,51.09944319514531
154,2003-12-15,9398,20.61,8.326,7.0,51.09944319514531
155,2003-12-22,3691,20.9,8.3737,7.0,51.09944319514531
156,2003-12-29,1306,22.06,8.4026,7.0,51.09944319514531
157,2004-01-05,7777,22.09,8.6326,6.5,53.08001271708614
158,2004-01-12,5115,22.25,8.6,6.5,53.08001271708614
159,2004-01-19,5387,21.93,8.6086,6.5,53.08001271708614
160,2004-01-26,5300,21.86,8.7499,6.5,53.08001271708614
161,2004-02-02,5171,22.71,8.7432,6.0,54.11526065443587
162,2004-02-09,5118,23.3,8.8242,6.0,54.11526065443587
163,2004-02-16,5066,23.26,8.795,6.0,54.11526065443587
164,2004-02-23,5297,23.05,8.7475,6.0,54.11526065443587
165,2004-03-01,5813,23.2,8.6798,6.0,54.548475798192044
166,2004-03-08,6063,23.77,8.5003,6.0,54.548475798192044
167,2004-03-15,6036,24.35,8.4552,6.0,54.548475798192044
168,2004-03-22,5638,24.73,8.434,6.0,54.548475798192044
169,2004-03-29,7622,24.88,8.392,6.0,54.548475798192044
170,2004-04-05,4720,25.1,8.3675,5.5,55.65297327395864
171,2004-04-12,4778,24.99,8.272801,5.5,55.65297327395864
172,2004-04-19,5059,25.08,8.2518,5.5,55.65297327395864
173,2004-04-26,5947,24.82,8.2243,5.5,55.65297327395864
174,2004-05-03,5742,24.37,8.1014,5.0,56.31506143959718
175,2004-05-10,6703,23.81,8.2162,5.0,56.31506143959718
176,2004-05-17,4984,23.71,8.2463,5.0,56.31506143959718
177,2004-05-24,6487,23.22,8.2154,5.0,56.31506143959718
178,2004-05-31,6196,22.91,8.1869,5.0,56.31506143959718
179,2004-06-07,6745,22.06,8.297,5.0,56.20313150868297
180,2004-06-14,7319,21.61,8.3385,5.0,56.20313150868297
181,2004-06-21,6614,21.61,8.2997,5.0,56.20313150868297
182,2004-06-28,6634,21.25,8.5072,5.0,56.20313150868297
183,2004-07-05,6138,21.06,8.4572,4.0,60.45571509434474
184,2004-07-12,6436,21.25,8.4878,4.0,60.45571509434474
185,2004-07-19,5754,21.73,8.514,4.0,60.45571509434474
186,2004-07-26,5600,22.46,8.4336,4.0,60.45571509434474
187,2004-08-02,6542,23.43,8.3403,4.0,60.73225174037803
188,2004-08-09,5601,23.45,8.2758,4.0,60.73225174037803
189,2004-08-16,6597,22.83,8.2544,4.0,60.73225174037803
190,2004-08-23,6129,22.39,8.348,4.0,60.73225174037803
191,2004-08-30,6314,22.08,8.3262,4.0,60.73225174037803
192,2004-09-06,6870,22.29,8.3498,3.0,62.96442752848394
193,2004-09-13,7175,22.51,8.4234,3.0,62.96442752848394
194,2004-09-20,7092,22.47,8.3446,3.0,62.96442752848394
195,2004-09-27,7116,22.04,8.2925,3.0,62.96442752848394
196,2004-10-04,7158,21.46,8.29,2.5,62.70584333363974
197,2004-10-11,6820,21.37,8.2104,2.5,62.70584333363974
198,2004-10-18,7190,20.86,8.2163,2.5,62.70584333363974
199,2004-10-25,6761,20.46,8.1412,2.5,62.70584333363974
200,2004-11-01,7756,20.11,8.1814,2.5,62.17200214036321
201,2004-11-08,7391,19.94,8.1144,2.5,62.17200214036321
202,2004-11-15,7661,20.44,8.1452,2.5,62.17200214036321
203,2004-11-22,8017,20.47,8.1074,2.5,62.17200214036321
204,2004-11-29,8986,21.06,8.1561,2.5,62.17200214036321
205,2004-12-06,10506,21.79,8.2081,2.5,61.229206681676644
206,2004-12-13,12242,22.88,8.2146,2.5,61.229206681676644
207,2004-12-20,8315,23.67,8.2771,2.5,61.229206681676644
208,2004-12-27,3814,23.57,8.2279,2.5,61.229206681676644
209,2005-01-03,6661,23.29,8.2249,2.25,65.93828478437403
210,2005-01-10,5900,22.67,8.1924,2.25,65.93828478437403
211,2005-01-17,6172,22.87,8.2093,2.25,65.93828478437403
212,2005-01-24,6245,23.75,8.251701,2.25,65.93828478437403
213,2005-01-31,6368,24.5,8.2898,2.25,65.93828478437403
214,2005-02-07,5667,24.99,8.4375,2.0,63.82470741005064
215,2005-02-14,6128,24.98,8.2906,2.0,63.82470741005064
216,2005-02-21,6789,25.05,8.25,2.0,63.82470741005064
217,2005-02-28,7157,24.86,8.2409,2.0,63.82470741005064
218,2005-03-07,7280,24.44,8.1672,2.0,66.32455660565297
219,2005-03-14,8013,24.33,8.1371,2.0,66.32455660565297
220,2005-03-21,5269,25.13,8.2072,2.0,66.32455660565297
221,2005-03-28,6429,25.22,8.196,2.0,66.32455660565297
222,2005-04-04,7458,25.56,8.2009,1.75,66.29510281857223
223,2005-04-11,7508,25.27,8.2269,1.75,66.29510281857223
224,2005-04-18,7282,24.9,8.1486,1.75,66.29510281857223
225,2005-04-25,6057,24.9,8.1265,1.75,66.29510281857223
226,2005-05-02,5955,24.59,8.1195,1.75,65.78091225175591
227,2005-05-09,7039,25.27,8.1002,1.75,65.78091225175591
228,2005-05-16,5925,26.4,8.122,1.75,65.78091225175591
229,2005-05-23,7011,25.98,7.9815,1.75,65.78091225175591
230,2005-05-30,6599,25.36,7.8993,1.75,65.78091225175591
231,2005-06-06,6661,27.82,7.8482,1.75,68.79103726942574
232,2005-06-13,7316,28.17,7.8622,1.75,68.79103726942574
233,2005-06-20,7104,27.67,7.9505,1.75,68.79103726942574
234,2005-06-27,6666,26.57,7.8662,1.75,68.79103726942574
235,2005-07-04,6938,28.15,7.8737,1.75,70.71367948495467
236,2005-07-11,6560,29.28,7.9526,1.75,70.71367948495467
237,2005-07-18,6492,29.62,7.9538,1.75,70.71367948495467
238,2005-07-25,6252,29.58,7.8674,1.75,70.71367948495467
239,2005-08-01,5744,27.97,7.8961,1.75,68.9309673648018
240,2005-08-08,5938,27.86,7.9031,1.75,68.9309673648018
241,2005-08-15,7257,28.0,7.9882,1.75,68.9309673648018
242,2005-08-22,7349,27.91,7.9341,1.75,68.9309673648018
243,2005-08-29,8007,28.36,7.792,1.75,68.9309673648018
244,2005-09-05,7334,27.67,7.7667,1.75,69.60988034124625
245,2005-09-12,8891,26.6,7.782,1.75,69.60988034124625
246,2005-09-19,8266,25.67,7.7914,1.75,69.60988034124625
247,2005-09-26,8167,25.53,7.8747,1.75,69.60988034124625
248,2005-10-03,8201,25.67,7.8981,1.75,67.67760699227131
249,2005-10-10,9160,26.24,7.8079,1.75,67.67760699227131
250,2005-10-17,8163,26.43,7.791,1.75,67.67760699227131
251,2005-10-24,8520,26.54,7.8126,1.75,67.67760699227131
252,2005-10-31,9099,26.54,7.786,1.75,67.67760699227131
253,2005-11-07,8708,26.1,7.7437,1.75,68.2918430899717
254,2005-11-14,8910,25.51,7.885,1.75,68.2918430899717
255,2005-11-21,9499,25.89,7.8636,1.75,68.2918430899717
256,2005-11-28,10348,27.07,7.9192,1.75,68.2918430899717
257,2005-12-05,12019,28.7,7.9315,1.75,68.60121134687411
258,2005-12-12,12564,28.08,7.9798,1.75,68.60121134687411
259,2005-12-19,10057,27.3,8.019,1.75,68.60121134687411
260,2005-12-26,5834,26.79,7.9689,1.75,68.60121134687411
261,2006-01-02,5955,25.96,7.9188,1.75,68.61124206453472
262,2006-01-09,5698,25.7,8.0459,1.75,68.61124206453472
263,2006-01-16,6728,26.54,8.0786,1.75,68.61124206453472
264,2006-01-23,6778,28.54,8.0819,1.75,68.61124206453472
265,2006-01-30,6739,27.21,8.0344,1.75,68.61124206453472
266,2006-02-06,6872,26.68,8.0863,1.75,70.02858819437192
267,2006-02-13,6857,26.53,8.0623,1.75,70.02858819437192
268,2006-02-20,7017,27.55,8.046,1.75,70.02858819437192
269,2006-02-27,8359,28.66,8.0028,1.75,70.02858819437192
270,2006-03-06,7991,29.78,7.9728,1.75,70.62158325525323
271,2006-03-13,7623,30.48,7.9731,1.75,70.62158325525323
272,2006-03-20,7507,31.18,7.9693,1.75,70.62158325525323
273,2006-03-27,7690,32.81,7.9399,1.75,70.62158325525323
274,2006-04-03,8464,34.82,7.8635,1.75,69.30113538946843
275,2006-04-10,6145,34.68,7.8661,1.75,69.30113538946843
276,2006-04-17,6523,34.58,7.84,1.75,69.30113538946843
277,2006-04-24,8521,34.97,7.7605,1.75,69.30113538946843
278,2006-05-01,6516,36.48,7.7898,1.75,71.84785367487912
279,2006-05-08,7247,36.28,7.7437,1.75,71.84785367487912
280,2006-05-15,6114,37.0,7.7844,1.75,71.84785367487912
281,2006-05-22,6596,40.03,7.824,1.75,71.84785367487912
282,2006-05-29,7602,40.76,7.7699,1.75,71.84785367487912
283,2006-06-05,6451,40.5,7.79,1.75,72.99314523837754
284,2006-06-12,7247,41.07,7.8458,1.75,72.99314523837754
285,2006-06-19,7246,43.05,7.9162,1.75,72.99314523837754
286,2006-06-26,6665,42.51,7.9499,1.75,72.99314523837754
287,2006-07-03,6345,38.57,7.9708,2.0,71.91119649568061
288,2006-07-10,5684,37.91,7.9028,2.0,71.91119649568061
289,2006-07-17,5464,39.0,7.9262,2.0,71.91119649568061
290,2006-07-24,6132,38.13,7.8853,2.0,71.91119649568061
291,2006-07-31,6567,37.85,7.8836,2.0,71.91119649568061
292,2006-08-07,5688,37.24,7.9654,2.0,72.2851950945516
293,2006-08-14,6247,36.8,8.063501,2.0,72.2851950945516
294,2006-08-21,7043,36.12,8.0442,2.0,72.2851950945516
295,2006-08-28,7080,33.29,8.1313,2.0,72.2851950945516
296,2006-09-04,7400,31.17,8.2443,2.0,73.20944352250064
297,2006-09-11,8038,31.2,8.2639,2.0,73.20944352250064
298,2006-09-18,8112,30.67,8.370401,2.0,73.20944352250064
299,2006-09-25,8308,29.19,8.2666,2.0,73.20944352250064
300,2006-10-02,8670,28.06,8.4075,2.0,73.30522634673412
301,2006-10-09,8965,28.65,8.4396,2.0,73.30522634673412
302,2006-10-16,9567,29.24,8.43,2.0,73.30522634673412
303,2006-10-23,9668,28.59,8.3313,2.0,73.30522634673412
304,2006-10-30,9795,27.57,8.2371,2.0,73.30522634673412
305,2006-11-06,9748,27.02,8.1896,2.0,73.50624011415883
306,2006-11-13,10635,26.85,8.2681,2.0,73.50624011415883
307,2006-11-20,10873,28.19,8.2809,2.0,73.50624011415883
308,2006-11-27,11548,28.73,8.156901,2.0,73.50624011415883
309,2006-12-04,12571,28.04,8.1296,2.25,73.6167380505584
310,2006-12-11,13003,27.55,8.1444,2.25,73.6167380505584
311,2006-12-18,10766,27.11,8.1908,2.25,73.6167380505584
312,2006-12-25,4463,28.26,8.221501,2.25,73.6167380505584
313,2007-01-01,6809,28.37,8.2692,2.25,70.0469676325743
314,2007-01-08,8281,28.38,8.3243,2.25,70.0469676325743
315,2007-01-15,8553,29.13,8.3499,2.25,70.0469676325743
316,2007-01-22,8179,28.33,8.182,2.25,70.0469676325743
317,2007-01-29,8257,27.5,8.1181,2.25,70.0469676325743
318,2007-02-05,7426,27.19,8.126701,2.25,67.70402216771599
319,2007-02-12,8098,28.91,8.0363,2.25,67.70402216771599
320,2007-02-19,8584,30.62,8.0604,2.25,67.70402216771599
321,2007-02-26,8942,28.3,8.1212,2.25,67.70402216771599
322,2007-03-05,9049,28.22,8.0852,2.25,66.79460012439495
323,2007-03-12,9449,29.56,8.147,2.25,66.79460012439495
324,2007-03-19,10099,29.17,8.11,2.25,66.79460012439495
325,2007-03-26,10544,28.78,8.1207,2.25,66.79460012439495
326,2007-04-02,6351,29.22,8.1544,2.5,66.18312643521071
327,2007-04-09,8667,29.82,8.0983,2.5,66.18312643521071
328,2007-04-16,9395,28.76,8.0975,2.5,66.18312643521071
329,2007-04-23,9062,27.32,8.1279,2.5,66.18312643521071
330,2007-04-30,8602,27.33,8.1177,2.5,66.18312643521071
331,2007-05-07,10500,26.99,8.1668,2.5,67.99182904574245
332,2007-05-14,8723,26.54,8.1649,2.5,67.99182904574245
333,2007-05-21,9919,26.17,8.0964,2.5,67.99182904574245
334,2007-05-28,9120,26.17,8.0963,2.5,67.99182904574245
335,2007-06-04,10068,25.83,8.1046,2.75,70.44927448053113
336,2007-06-11,9937,25.33,8.0679,2.75,70.44927448053113
337,2007-06-18,9998,25.21,7.9753,2.75,70.44927448053113
338,2007-06-25,9379,24.77,7.9817,2.75,70.44927448053113
339,2007-07-02,9432,24.53,7.9096,2.75,71.79553435600451
340,2007-07-09,8751,24.87,7.9112,2.75,71.79553435600451
341,2007-07-16,10250,25.56,7.9156,2.75,71.79553435600451
342,2007-07-23,7690,25.73,8.018,2.75,71.79553435600451
343,2007-07-30,6857,26.33,7.9639,2.75,71.79553435600451
344,2007-08-06,8199,28.11,7.9801,2.75,74.18336142570308
345,2007-08-13,8299,28.95,8.0052,2.75,74.18336142570308
346,2007-08-20,9204,27.52,7.9501,2.75,74.18336142570308
347,2007-08-27,11755,26.96,7.937,2.75,74.18336142570308
348,2007-09-03,9861,26.95,7.912,3.0,74.81864571939055
349,2007-09-10,10193,26.43,7.8149,3.0,74.81864571939055
350,2007-09-17,10452,25.36,7.7859,3.0,74.81864571939055
351,2007-09-24,9769,24.49,7.6791,3.0,74.81864571939055
352,2007-10-01,10289,24.77,7.6501,3.0,73.63004259996569
353,2007-10-08,10399,24.39,7.6804,3.0,73.63004259996569
354,2007-10-15,10181,23.99,7.6702,3.0,73.63004259996569
355,2007-10-22,10419,23.69,7.7221,3.0,73.63004259996569
356,2007-10-29,10324,23.9,7.8179,3.0,73.63004259996569
357,2007-11-05,11347,23.7,7.7872,3.0,72.06176862549707
358,2007-11-12,11692,24.22,8.015801,3.0,72.06176862549707
359,2007-11-19,12571,24.89,7.9966,3.0,72.06176862549707
360,2007-11-26,13049,25.14,8.1048,3.0,72.06176862549707
361,2007-12-03,13712,25.17,8.0148,3.25,70.62015012473381
362,2007-12-10,15381,25.21,7.9684,3.25,70.62015012473381
363,2007-12-17,13180,25.98,8.0192,3.25,70.62015012473381
364,2007-12-24,3704,28.79,7.9588,3.25,70.62015012473381
365,2007-12-31,5833,29.0,7.8688,3.25,70.62015012473381
366,2008-01-07,9909,26.77,7.8194,3.5,69.59479029406559
367,2008-01-14,8979,25.07,7.9926,3.5,69.59479029406559
368,2008-01-21,8883,24.69,8.0546,3.5,69.59479029406559
369,2008-01-28,9599,25.18,8.0459,3.5,69.59479029406559
370,2008-02-04,9034,25.35,8.0286,3.75,70.94922632530752
371,2008-02-11,9617,26.14,7.891,3.75,70.94922632530752
372,2008-02-18,9710,25.92,7.8673,3.75,70.94922632530752
373,2008-02-25,9878,24.94,7.9118,3.75,70.94922632530752
374,2008-03-03,10872,25.71,7.921,3.75,72.8566923185778
375,2008-03-10,12246,26.96,8.0002,3.75,72.8566923185778
376,2008-03-17,7122,28.03,8.1284,3.75,72.8566923185778
377,2008-03-24,8071,27.21,8.055,3.75,72.8566923185778
378,2008-03-31,9656,26.41,7.972,3.75,72.8566923185778
379,2008-04-07,9157,26.13,7.9352,4.0,74.80825443926578
380,2008-04-14,9729,25.6,7.9573,4.0,74.80825443926578
381,2008-04-21,8814,25.47,7.9968,4.0,74.80825443926578
382,2008-04-28,8704,26.87,7.895,4.0,74.80825443926578
383,2008-05-05,10724,28.61,7.8575,4.0,76.63258759072521
384,2008-05-12,9294,27.35,7.8233,4.0,76.63258759072521
385,2008-05-19,10176,25.96,7.8867,4.0,76.63258759072521
386,2008-05-26,10394,25.23,7.8945,4.0,76.63258759072521
387,2008-06-02,9633,25.33,7.9242,4.25,78.0231657633205
388,2008-06-09,10872,27.28,8.0443,4.25,78.0231657633205
389,2008-06-16,10353,27.18,8.0349,4.25,78.0231657633205
390,2008-06-23,9400,25.98,7.988,4.25,78.0231657633205
391,2008-06-30,9692,26.49,7.973,4.25,78.0231657633205
392,2008-07-07,9244,29.05,8.057901,4.5,79.24787479983654
393,2008-07-14,8921,29.81,8.0504,4.5,79.24787479983654
394,2008-07-21,7698,29.41,8.0805,4.5,79.24787479983654
395,2008-07-28,8191,28.59,7.9992,4.5,79.24787479983654
396,2008-08-04,8494,29.85,,4.5,79.36011639423148
397,2008-08-11,8681,30.21,,4.5,79.36011639423148
398,2008-08-18,9420,28.1,,4.5,79.36011639423148
399,2008-08-25,8947,26.45,7.9526,4.5,79.36011639423148
400,2008-09-01,9287,27.99,7.9947,4.75,80.5102093174831
401,2008-09-08,10043,29.94,8.1382,4.75,80.5102093174831
402,2008-09-15,9953,28.1,8.2041,4.75,80.5102093174831
403,2008-09-22,10136,26.98,8.2664,4.75,80.5102093174831
404,2008-09-29,10235,26.32,8.3013,4.75,80.5102093174831
405,2008-10-06,10027,26.79,8.4411,5.0,79.22091771064376
406,2008-10-13,10137,27.15,8.8172,5.0,79.22091771064376
407,2008-10-20,11187,26.61,8.8377,5.0,79.22091771064376
408,2008-10-27,10383,27.46,8.5601,5.0,79.22091771064376
409,2008-11-03,11321,26.06,8.748,5.0,80.21911401679124
410,2008-11-10,12023,25.24,8.7946,5.0,80.21911401679124
411,2008-11-17,11824,26.05,8.9578,5.0,80.21911401679124
412,2008-11-24,13752,28.01,8.847,5.0,80.21911401679124
413,2008-12-01,13907,27.37,9.1888,5.0,80.97285588306042
414,2008-12-08,14658,26.08,9.2491,5.0,80.97285588306042
415,2008-12-15,14634,26.83,9.7551,5.0,80.97285588306042
416,2008-12-22,5353,29.95,9.9618,5.0,80.97285588306042
417,2008-12-29,5603,31.42,9.5651,5.0,80.97285588306042
418,2009-01-05,11607,29.64,9.4173,5.25,81.63930027807827
419,2009-01-12,9512,27.44,9.1534,5.25,81.63930027807827
420,2009-01-19,9537,27.92,8.9702,5.25,81.63930027807827
421,2009-01-26,9775,28.6,8.839,5.25,81.63930027807827
422,2009-02-02,8558,28.16,8.7529,5.25,79.5099515121619
423,2009-02-09,9227,27.65,8.7591,5.25,79.5099515121619
424,2009-02-16,9146,27.49,8.719,5.25,79.5099515121619
425,2009-02-23,9673,29.79,8.9202,5.25,79.5099515121619
426,2009-03-02,10225,29.08,8.9227,5.25,84.72537447532969
427,2009-03-09,10794,30.94,8.8198,5.25,84.72537447532969
428,2009-03-16,10646,31.28,8.6462,5.25,84.72537447532969
429,2009-03-23,10545,30.1,8.8109,5.25,84.72537447532969
430,2009-03-30,12375,30.05,8.8181,5.25,84.72537447532969
431,2009-04-06,7742,33.7,8.7713,5.25,86.15107105487544
432,2009-04-13,9269,32.4,8.7457,5.25,86.15107105487544
433,2009-04-20,11134,31.56,8.679,5.25,86.15107105487544
434,2009-04-27,9588,32.62,8.679,5.25,86.15107105487544
435,2009-05-04,10890,33.7,8.6396,5.5,91.0327465283811
436,2009-05-11,10061,34.16,8.8094,5.5,91.0327465283811
437,2009-05-18,10244,37.34,8.8762,5.5,91.0327465283811
438,2009-05-25,11275,35.55,8.9076,5.5,91.0327465283811
439,2009-06-01,9428,33.15,8.9596,5.5,92.97756258634645
440,2009-06-08,10301,35.03,8.8816,5.5,92.97756258634645
441,2009-06-15,11039,36.76,8.9179,5.5,92.97756258634645
442,2009-06-22,10779,35.73,9.0773,5.5,92.97756258634645
443,2009-06-29,10580,36.1,8.9603,5.5,92.97756258634645
444,2009-07-06,9215,36.65,9.0793,5.75,100.07827715169515
445,2009-07-13,9538,38.36,9.0138,5.75,100.07827715169515
446,2009-07-20,9717,37.97,8.8577,5.75,100.07827715169515
447,2009-07-27,9966,34.21,8.7136,5.75,100.07827715169515
448,2009-08-03,10678,31.32,8.675,5.75,101.76473291849992
449,2009-08-10,10821,30.44,8.6309,5.75,101.76473291849992
450,2009-08-17,10898,30.32,8.5817,5.75,101.76473291849992
451,2009-08-24,11458,29.1,8.6176,5.75,101.76473291849992
452,2009-08-31,11090,29.83,8.592,5.75,101.76473291849992
453,2009-09-07,12080,30.91,8.6443,5.75,100.85210276076157
454,2009-09-14,10904,29.76,8.6321,5.75,100.85210276076157
455,2009-09-21,12990,28.31,8.5268,5.75,100.85210276076157
456,2009-09-28,12325,28.47,8.4482,5.75,100.85210276076157
457,2009-10-05,12257,27.9,8.3031,5.75,95.0446953002767
458,2009-10-12,12246,26.81,8.371801,5.75,95.0446953002767
459,2009-10-19,12351,26.07,8.325,5.75,95.0446953002767
460,2009-10-26,12408,27.51,8.4332,5.75,95.0446953002767
461,2009-11-02,11732,27.72,8.4471,4.75,87.36966465475801
462,2009-11-09,12702,28.52,8.3574,4.75,87.36966465475801
463,2009-11-16,14181,28.2,8.4182,4.75,87.36966465475801
464,2009-11-23,14963,28.55,8.5087,4.75,87.36966465475801
465,2009-11-30,15027,27.69,8.4426,4.75,87.36966465475801
466,2009-12-07,16657,28.48,8.436,4.75,80.80336282803063
467,2009-12-14,17766,28.95,8.373,4.75,80.80336282803063
468,2009-12-21,8265,30.68,8.3366,4.75,80.80336282803063
469,2009-12-28,7552,30.88,8.2792,4.75,80.80336282803063
470,2010-01-04,11067,29.82,8.1542,3.0,77.31819002395828
471,2010-01-11,10808,28.17,8.1615,3.0,77.31819002395828
472,2010-01-18,10891,28.92,8.197,3.0,77.31819002395828
473,2010-01-25,10967,29.69,8.2088,3.0,77.31819002395828
474,2010-02-01,10826,31.84,8.1779,3.0,74.95309178962859
475,2010-02-08,10929,34.23,8.052,3.0,74.95309178962859
476,2010-02-15,10891,34.88,8.0782,3.0,74.95309178962859
477,2010-02-22,9293,33.76,8.051,3.0,74.95309178962859
478,2010-03-01,10902,35.37,8.0292,2.5,75.40434142700437
479,2010-03-08,11640,35.87,8.020001,2.5,75.40434142700437
480,2010-03-15,11921,36.65,7.9984,2.5,75.40434142700437
481,2010-03-22,13320,35.12,8.1008,2.5,75.40434142700437
482,2010-03-29,7751,38.46,8.0074,2.5,75.40434142700437
483,2010-04-05,9929,39.26,7.9674,2.0,77.91862797516649
484,2010-04-12,11632,39.6,7.9632,2.0,77.91862797516649
485,2010-04-19,11073,37.92,7.8731,2.0,77.91862797516649
486,2010-04-26,10955,38.62,7.845,2.0,77.91862797516649
487,2010-05-03,11785,38.87,7.927,2.0,80.93156122455386
488,2010-05-10,10533,39.51,7.7086,2.0,80.93156122455386
489,2010-05-17,10629,41.78,8.1405,2.0,80.93156122455386
490,2010-05-24,11535,39.65,7.9488,2.0,80.93156122455386
491,2010-05-31,12513,38.03,7.9135,2.0,80.93156122455386
492,2010-06-07,11780,37.16,7.8185,1.5,83.13140500188881
493,2010-06-14,12639,38.74,7.8647,1.5,83.13140500188881
494,2010-06-21,12280,40.05,7.9641,1.5,83.13140500188881
495,2010-06-28,12245,39.09,8.081,1.5,83.13140500188881
496,2010-07-05,11817,40.07,8.0287,1.25,85.24713279592955
497,2010-07-12,11275,40.73,8.1051,1.25,85.24713279592955
498,2010-07-19,10242,38.5,7.9618,1.25,85.24713279592955
499,2010-07-26,10625,38.49,7.908,1.25,85.24713279592955
500,2010-08-02,9884,38.85,7.889,1.25,85.2885769860151
501,2010-08-09,10182,39.85,7.9253,1.25,85.2885769860151
502,2010-08-16,11048,41.31,7.9289,1.25,85.2885769860151
503,2010-08-23,12120,39.58,8.0058,1.25,85.2885769860151
504,2010-08-30,12697,37.62,7.8719,1.25,85.2885769860151
505,2010-09-06,13132,37.07,7.8503,1.25,84.34801927705887
506,2010-09-13,12597,36.76,7.9659,1.25,84.34801927705887
507,2010-09-20,13516,37.86,7.93,1.25,84.34801927705887
508,2010-09-27,13536,37.2,8.01,1.25,84.34801927705887
509,2010-10-04,13279,36.15,8.1019,1.25,82.48034217248326
510,2010-10-11,13935,37.84,8.0717,1.25,82.48034217248326
511,2010-10-18,13539,37.31,8.1473,1.25,82.48034217248326
512,2010-10-25,14335,36.11,8.1255,1.25,82.48034217248326
513,2010-11-01,13748,36.06,8.142,1.5,83.72130763795043
514,2010-11-08,13988,35.76,8.095,1.5,83.72130763795043
515,2010-11-15,14497,36.3,8.1608,1.5,83.72130763795043
516,2010-11-22,15255,36.05,8.1222,1.5,83.72130763795043
517,2010-11-29,15346,38.42,8.0332,1.5,83.72130763795043
518,2010-12-06,17626,43.13,7.986,1.5,83.93279494932196
519,2010-12-13,17716,43.46,7.8748,1.5,83.93279494932196
520,2010-12-20,10713,43.24,7.8214,1.5,83.93279494932196
521,2010-12-27,7752,40.37,7.8106,1.5,83.93279494932196
522,2011-01-03,9309,38.43,7.7452,1.75,85.02553808009968
523,2011-01-10,11133,39.96,7.8276,1.75,85.02553808009968
524,2011-01-17,11853,40.44,7.9081,1.75,85.02553808009968
525,2011-01-24,11570,38.82,7.9477,1.75,85.02553808009968
526,2011-01-31,10320,39.98,7.8241,1.75,85.02553808009968
527,2011-02-07,10817,39.71,7.9237,1.75,85.6548689007135
528,2011-02-14,10982,40.81,7.7574,1.75,85.6548689007135
529,2011-02-21,10585,41.61,7.7503,1.75,85.6548689007135
530,2011-02-28,10941,40.89,7.7646,1.75,85.6548689007135
531,2011-03-07,12801,40.56,7.7949,1.75,86.92559847635069
532,2011-03-14,12165,40.44,7.9171,1.75,86.92559847635069
533,2011-03-21,11899,40.79,7.8679,1.75,86.92559847635069
534,2011-03-28,10941,40.94,7.8323,1.75,86.92559847635069
535,2011-04-04,12729,42.2,7.8129,1.75,89.45353030216381
536,2011-04-11,13763,43.61,7.8775,1.75,89.45353030216381
537,2011-04-18,8130,43.08,7.7893,1.75,89.45353030216381
538,2011-04-25,9888,42.71,7.7634,1.75,89.45353030216381
539,2011-05-02,11889,42.21,7.945,1.75,89.76523769168641
540,2011-05-09,13036,40.05,7.8343,1.75,89.76523769168641
541,2011-05-16,10413,38.75,7.862,1.75,89.76523769168641
542,2011-05-23,12609,36.67,7.7758,1.75,89.76523769168641
543,2011-05-30,10992,36.08,7.7691,1.75,89.76523769168641
544,2011-06-06,13201,34.11,7.8581,2.0,90.81550058425022
545,2011-06-13,11833,33.37,7.8324,2.0,90.81550058425022
546,2011-06-20,13159,31.61,7.778,2.0,90.81550058425022
547,2011-06-27,12880,28.54,7.8036,2.0,90.81550058425022
548,2011-07-04,12160,31.2,7.7091,2.0,91.82057675185726
549,2011-07-11,13277,33.21,7.8382,2.0,91.82057675185726
550,2011-07-18,12758,30.11,7.7781,2.0,91.82057675185726
551,2011-07-25,10897,30.62,7.7361,2.0,91.82057675185726
552,2011-08-01,11197,29.35,7.7777,2.0,92.61712239431355
553,2011-08-08,12169,29.59,7.8757,2.0,92.61712239431355
554,2011-08-15,12639,28.91,7.826,2.0,92.61712239431355
555,2011-08-22,13788,26.55,7.7935,2.0,92.61712239431355
556,2011-08-29,13819,27.27,7.7049,2.0,92.61712239431355
557,2011-09-05,14804,27.47,7.5152,2.0,92.50382092775467
558,2011-09-12,14613,25.97,7.72,2.0,92.50382092775467
559,2011-09-19,14992,26.59,7.875,2.0,92.50382092775467
560,2011-09-26,16079,25.23,7.8769,2.0,92.50382092775467
561,2011-10-03,16648,24.55,7.8245,2.0,93.98918894348202
562,2011-10-10,16376,24.2,7.7405,2.0,93.98918894348202
563,2011-10-17,16207,23.01,7.7277,2.0,93.98918894348202
564,2011-10-24,15906,21.63,7.6719,2.0,93.98918894348202
565,2011-10-31,15301,24.18,7.7241,2.0,93.98918894348202
566,2011-11-07,16194,25.23,7.7464,2.0,96.10945396730072
567,2011-11-14,17327,24.16,7.8221,2.0,96.10945396730072
568,2011-11-21,18890,26.15,7.8456,2.0,96.10945396730072
569,2011-11-28,18710,26.06,7.8175,2.0,96.10945396730072
570,2011-12-05,19953,25.9,7.7219,2.0,97.35224088255427
571,2011-12-12,22369,28.49,7.804,2.0,97.35224088255427
572,2011-12-19,16499,26.9,7.7481,2.0,97.35224088255427
573,2011-12-26,9721,26.4,7.7367,2.0,97.35224088255427
574,2012-01-02,11785,25.65,7.6513,2.0,97.62055713418823
575,2012-01-09,12528,24.95,7.67,2.0,97.62055713418823
576,2012-01-16,13994,26.71,7.6535,2.0,97.62055713418823
577,2012-01-23,12990,25.26,7.6527,2.0,97.62055713418823
578,2012-01-30,13226,25.31,7.6222,2.0,97.62055713418823
579,2012-02-06,12883,27.51,7.5851,2.0,100.31488412842823
580,2012-02-13,13613,28.49,7.4899,2.0,100.31488412842823
581,2012-02-20,14382,29.84,7.4892,2.0,100.31488412842823
582,2012-02-27,15829,28.77,7.4034,2.0,100.31488412842823
583,2012-03-05,15525,28.64,7.4802,2.0,103.48551823910425
584,2012-03-12,16395,29.07,7.5447,2.0,103.48551823910425
585,2012-03-19,17175,28.27,7.627,2.0,103.48551823910425
586,2012-03-26,18334,26.64,7.5757,2.0,103.48551823910425
587,2012-04-02,9286,29.61,7.584,2.0,107.71197051232106
588,2012-04-09,15530,29.34,7.5689,2.0,107.71197051232106
589,2012-04-16,16510,28.7,7.5566,2.0,107.71197051232106
590,2012-04-23,15370,29.11,7.5795,2.0,107.71197051232106
591,2012-04-30,13019,29.11,7.5599,2.0,107.71197051232106
592,2012-05-07,16526,29.06,7.5731,2.0,108.10265542207344
593,2012-05-14,14425,31.27,7.6086,2.0,108.10265542207344
594,2012-05-21,16542,29.51,7.5317,2.0,108.10265542207344
595,2012-05-28,15328,28.3,7.6024,2.0,108.10265542207344
596,2012-06-04,16993,26.42,7.5806,2.25,106.86219611607694
597,2012-06-11,17607,25.92,7.5461,2.25,106.86219611607694
598,2012-06-18,16734,27.59,7.4868,2.25,106.86219611607694
599,2012-06-25,15826,26.9,7.5414,2.25,106.86219611607694
600,2012-07-02,16555,27.7,7.5088,2.25,106.50106934975831
601,2012-07-09,16064,26.9,7.4654,2.25,106.50106934975831
602,2012-07-16,14412,26.4,7.3707,2.25,106.50106934975831
603,2012-07-23,14355,26.56,7.4529,2.25,106.50106934975831
604,2012-07-30,15238,27.17,7.4013,2.25,106.50106934975831
605,2012-08-06,15064,28.31,7.2671,2.25,105.64126254997066
606,2012-08-13,15317,27.36,7.3026,2.25,105.64126254997066
607,2012-08-20,15533,27.67,7.2954,2.25,105.64126254997066
608,2012-08-27,16542,29.1,7.2896,2.25,105.64126254997066
609,2012-09-03,16474,28.6,7.3321,2.25,106.948232305848
610,2012-09-10,17354,26.92,7.4524,2.25,106.948232305848
611,2012-09-17,18359,26.02,7.4487,2.25,106.948232305848
612,2012-09-24,18459,23.99,7.3613,2.25,106.948232305848
613,2012-10-01,17312,24.28,7.3913,2.25,106.19742920519768
614,2012-10-08,17499,26.66,7.3936,2.25,106.19742920519768
615,2012-10-15,18298,26.24,7.3715,2.25,106.19742920519768
616,2012-10-22,17301,25.1,7.4587,2.25,106.19742920519768
617,2012-10-29,17795,27.02,7.353,2.25,106.19742920519768
618,2012-11-05,17867,26.59,7.30022,2.25,108.30111064941912
619,2012-11-12,18453,27.73,7.3697,2.25,108.30111064941912
620,2012-11-19,19372,26.63,7.341,2.25,108.30111064941912
621,2012-11-26,19394,27.15,7.37502,2.25,108.30111064941912
622,2012-12-03,21897,29.16,7.333,2.25,106.48946348002406
623,2012-12-10,23674,30.78,7.40201,2.25,106.48946348002406
624,2012-12-17,23219,29.56,7.3473,2.25,106.48946348002406
625,2012-12-24,7356,33.11,7.3753,2.25,106.48946348002406
626,2012-12-31,10364,33.57,7.3292,2.25,106.48946348002406
627,2013-01-07,15684,33.35,7.37287,1.75,103.1379479759259
628,2013-01-14,15135,34.76,7.4592,1.75,103.1379479759259
629,2013-01-21,14010,36.51,7.438,1.75,103.1379479759259
630,2013-01-28,13732,35.27,7.4366,1.75,103.1379479759259
631,2013-02-04,13631,34.84,7.3987,1.75,105.57798550361429
632,2013-02-11,14332,36.13,7.4047,1.75,105.57798550361429
633,2013-02-18,13163,37.03,7.4708,1.75,105.57798550361429
634,2013-02-25,13550,38.97,7.4803,1.75,105.57798550361429
635,2013-03-04,14576,38.9,7.4403,1.75,106.48074571698065
636,2013-03-11,15892,37.7,7.4853,1.75,106.48074571698065
637,2013-03-18,18376,36.02,7.5375,1.75,106.48074571698065
638,2013-03-25,10986,37.93,7.4884,1.75,106.48074571698065
639,2013-04-01,11291,39.85,7.4384,1.5,105.71886503599568
640,2013-04-08,13550,42.27,7.492,1.5,105.71886503599568
641,2013-04-15,13438,43.23,7.593,1.5,105.71886503599568
642,2013-04-22,14289,42.0,7.6245,1.5,105.71886503599568
643,2013-04-29,13265,42.41,7.6079,1.5,105.71886503599568
644,2013-05-06,14217,42.31,7.5225,1.5,103.74904383345837
645,2013-05-13,14132,43.51,7.51476,1.5,103.74904383345837
646,2013-05-20,14456,43.81,7.5358,1.5,103.74904383345837
647,2013-05-27,15171,40.77,7.62576,1.5,103.74904383345837
648,2013-06-03,14847,40.22,7.6202,1.5,101.40330632503398
649,2013-06-10,14940,39.22,7.619,1.5,101.40330632503398
650,2013-06-17,13330,41.19,7.948,1.5,101.40330632503398
651,2013-06-24,13309,43.4,7.8972,1.5,101.40330632503398
652,2013-07-01,14217,45.15,8.0216,1.5,100.36940484968586
653,2013-07-08,14102,44.26,7.9184,1.5,100.36940484968586
654,2013-07-15,14098,45.12,7.85043,1.5,100.36940484968586
655,2013-07-22,13509,43.01,7.8409,1.5,100.36940484968586
656,2013-07-29,12572,40.14,7.88176,1.5,100.36940484968586
657,2013-08-05,13734,39.92,7.7993,1.5,103.08186721761801
658,2013-08-12,13675,43.43,7.87995,1.5,103.08186721761801
659,2013-08-19,15530,42.03,8.0542,1.5,103.08186721761801
660,2013-08-26,16403,38.16,8.073,1.5,103.08186721761801
661,2013-09-02,16791,37.31,8.00126,1.5,107.02047027531833
662,2013-09-09,18020,33.73,7.8857,1.5,107.02047027531833
663,2013-09-16,18859,30.04,8.00976,1.5,107.02047027531833
664,2013-09-23,18487,32.82,8.0966,1.5,107.02047027531833
665,2013-09-30,18727,35.87,8.08549,1.5,107.02047027531833
666,2013-10-07,18442,35.68,8.127,1.5,107.96652298812803
667,2013-10-14,18051,38.32,8.07049,1.5,107.96652298812803
668,2013-10-21,18068,38.74,8.1294,1.5,107.96652298812803
669,2013-10-28,18734,39.7,8.0461,1.5,107.96652298812803
670,2013-11-04,17751,38.5,8.21336,1.5,107.69045799603543
671,2013-11-11,18020,36.98,8.23701,1.5,107.69045799603543
672,2013-11-18,17907,39.94,8.22091,1.5,107.69045799603543
673,2013-11-25,18384,40.17,8.3206,1.5,107.69045799603543
674,2013-12-02,21121,45.65,8.4225,1.5,107.40625582976146
675,2013-12-09,23617,48.61,8.49772,1.5,107.40625582976146
676,2013-12-16,22644,48.52,8.4173,1.5,107.40625582976146
677,2013-12-23,7100,50.58,8.43733,1.5,107.40625582976146
678,2013-12-30,9341,50.34,8.3601,1.5,107.40625582976146
679,2014-01-06,15118,48.75,8.4018,1.5,106.45472597224246
680,2014-01-13,14505,49.27,8.3346,1.5,106.45472597224246
681,2014-01-20,13699,49.72,8.387299,1.5,106.45472597224246
682,2014-01-27,13784,46.8,8.46072,1.5,106.45472597224246
683,2014-02-03,13053,45.62,8.4102,1.5,107.55394555599831
684,2014-02-10,13190,49.41,8.3214,1.5,107.55394555599831
685,2014-02-17,14324,48.76,8.3413,1.5,107.55394555599831
686,2014-02-24,15963,46.68,8.2796,1.5,107.55394555599831
687,2014-03-03,15949,44.13,8.3044,1.5,108.02176116802083
688,2014-03-10,15975,44.07,8.3038,1.5,108.02176116802083
689,2014-03-17,16449,43.63,8.3457,1.5,108.02176116802083
690,2014-03-24,16159,43.83,8.25592,1.5,108.02176116802083
691,2014-03-31,17313,44.01,8.2137,1.5,108.02176116802083
692,2014-04-07,19722,44.35,8.231,1.5,108.73738726942122
693,2014-04-14,12057,47.4,8.26457,1.5,108.73738726942122
694,2014-04-21,14614,46.29,8.3142,1.5,108.73738726942122
695,2014-04-28,14590,44.62,8.22777,1.5,108.73738726942122
696,2014-05-05,15636,42.03,8.1286,1.5,105.46028928088435
697,2014-05-12,15695,40.28,8.12109,1.5,105.46028928088435
698,2014-05-19,16593,39.37,8.1277,1.5,105.46028928088435
699,2014-05-26,14444,38.83,8.14143,1.5,105.46028928088435
700,2014-06-02,16919,37.65,8.1115,1.5,104.9864389131739
701,2014-06-09,15355,37.51,8.11142,1.5,104.9864389131739
702,2014-06-16,17308,36.47,8.32982,1.5,104.9864389131739
703,2014-06-23,17145,33.6,8.36172,1.5,104.9864389131739
704,2014-06-30,15108,37.6,8.4057,1.5,104.9864389131739
705,2014-07-07,15256,41.66,8.3991,1.5,104.51341637446272
706,2014-07-14,14452,42.26,8.361301,1.5,104.51341637446272
707,2014-07-21,14297,42.23,8.35222,1.5,104.51341637446272
708,2014-07-28,15439,37.7,8.4104,1.5,104.51341637446272
709,2014-08-04,15634,37.48,8.3492,1.5,105.47313438938895
710,2014-08-11,15710,35.82,8.21894,1.5,105.47313438938895
711,2014-08-18,16726,34.95,8.15336,1.5,105.47313438938895
712,2014-08-25,16287,34.87,8.13257,1.5,105.47313438938895
713,2014-09-01,17045,35.71,8.13748,1.5,106.05369950198049
714,2014-09-08,17009,34.43,8.2556,1.5,106.05369950198049
715,2014-09-15,17405,34.05,8.1578,1.5,106.05369950198049
716,2014-09-22,17142,35.43,8.18575,1.5,106.05369950198049
717,2014-09-29,17134,35.59,8.166,1.5,106.05369950198049
718,2014-10-06,17554,34.4,8.2343,1.5,106.41841729907802
719,2014-10-13,17925,34.44,8.3438,1.5,106.41841729907802
720,2014-10-20,17091,36.51,8.3487,1.5,106.41841729907802
721,2014-10-27,17873,37.06,8.4538,1.5,106.41841729907802
722,2014-11-03,16848,37.61,8.47523,1.5,105.63805624613329
723,2014-11-10,17877,39.95,8.4461,1.5,105.63805624613329
724,2014-11-17,17687,41.76,8.4099,1.5,105.63805624613329
725,2014-11-24,18451,43.38,8.77379,1.5,105.63805624613329
726,2014-12-01,20184,45.29,8.7725,1.5,104.60594283175031
727,2014-12-08,21210,46.84,9.1707,1.5,104.60594283175031
728,2014-12-15,18822,42.36,9.011,1.5,104.60594283175031
729,2014-12-22,8305,47.2,9.0733,1.5,104.60594283175031
730,2014-12-29,9466,45.57,9.0894,1.5,104.60594283175031
731,2015-01-05,15622,45.77,9.06838,1.5,103.18589676949293
732,2015-01-12,15946,46.28,8.7379,1.5,103.18589676949293
733,2015-01-19,16444,44.31,8.6842,1.5,103.18589676949293
734,2015-01-26,14810,39.78,8.7302,1.5,103.18589676949293
735,2015-02-02,14693,43.43,8.6128,1.5,103.6179362029367
736,2015-02-09,14634,44.78,8.6317,1.5,103.6179362029367
737,2015-02-16,15864,41.76,8.5815,1.5,103.6179362029367
738,2015-02-23,16173,39.1,8.5662,1.5,103.6179362029367
739,2015-03-02,15920,41.14,8.55988,1.5,106.22461644990989
740,2015-03-09,17767,42.47,8.6029,1.5,106.22461644990989
741,2015-03-16,19019,41.79,8.6837,1.5,106.22461644990989
742,2015-03-23,20283,40.32,8.6747,1.5,106.22461644990989
743,2015-03-30,12240,42.3,8.706,1.5,106.22461644990989
744,2015-04-06,15764,42.24,8.60117,1.5,109.68558077035505
745,2015-04-13,17988,39.35,8.4648,1.5,109.68558077035505
746,2015-04-20,16066,37.62,8.4571,1.5,109.68558077035505
747,2015-04-27,16206,39.25,8.5091,1.5,109.68558077035505
748,2015-05-04,17602,36.99,8.3825,1.5,112.0675652689361
749,2015-05-11,15948,39.96,8.3721,1.5,112.0675652689361
750,2015-05-18,18209,38.65,8.4005,1.5,112.0675652689361
751,2015-05-25,16364,37.92,8.5433,1.5,112.0675652689361
752,2015-06-01,16613,38.77,8.7143,1.5,116.18765151703106
753,2015-06-08,17313,41.51,8.82681,1.5,116.18765151703106
754,2015-06-15,16036,42.69,8.84145,1.5,116.18765151703106
755,2015-06-22,16383,40.94,8.74645,1.5,116.18765151703106
756,2015-06-29,15214,39.76,8.8222,1.5,116.18765151703106
757,2015-07-06,15205,42.26,8.979,1.5,117.7783079798117
758,2015-07-13,14930,44.81,8.87945,1.5,117.7783079798117
759,2015-07-20,15267,46.23,8.977,1.5,117.7783079798117
760,2015-07-27,13878,45.63,8.9255,1.5,117.7783079798117
761,2015-08-03,14226,46.68,9.0369,1.5,119.16970252580626
762,2015-08-10,15798,46.63,9.1527,1.5,119.16970252580626
763,2015-08-17,16971,41.74,9.254,1.5,119.16970252580626
764,2015-08-24,17353,39.06,9.33425,1.5,119.16970252580626
765,2015-08-31,17227,43.03,9.1973,1.5,119.16970252580626
766,2015-09-07,17706,43.18,9.2156,1.5,117.91302650772157
767,2015-09-14,19057,41.54,9.242,1.5,117.91302650772157
768,2015-09-21,18914,40.39,9.4779,1.5,117.91302650772157
769,2015-09-28,18598,40.07,9.43168,1.5,117.91302650772157
770,2015-10-05,18604,43.09,9.18144,1.5,117.19641316682274
771,2015-10-12,18992,42.43,9.20758,1.5,117.19641316682274
772,2015-10-19,20108,41.06,9.19268,1.5,117.19641316682274
773,2015-10-26,19201,41.86,9.4035,1.5,117.19641316682274
774,2015-11-02,18118,42.98,9.30505,1.5,115.10939892903107
775,2015-11-09,18705,42.52,9.3685,1.5,115.10939892903107
776,2015-11-16,18125,44.51,9.18425,1.5,115.10939892903107
777,2015-11-23,18889,48.79,9.1879,1.5,115.10939892903107
778,2015-11-30,19802,50.06,9.274,1.5,115.10939892903107
779,2015-12-07,20949,49.05,9.4588,1.5,108.82510066704381
780,2015-12-14,20207,51.3,9.4963,1.5,108.82510066704381
781,2015-12-21,10494,53.26,9.52465,1.5,108.82510066704381
782,2015-12-28,9593,55.06,9.58045,1.5,108.82510066704381
783,2016-01-04,14173,57.27,9.70414,1.25,103.80790037373752
784,2016-01-11,14655,61.64,9.6619,1.25,103.80790037373752
785,2016-01-18,16115,54.56,9.4314,1.25,103.80790037373752
786,2016-01-25,15700,49.24,9.39825,1.25,103.80790037373752
787,2016-02-01,14839,51.27,9.54009,1.25,100.47244594768247
788,2016-02-08,14323,53.21,9.64138,1.25,100.47244594768247
789,2016-02-15,14682,56.95,9.52386,1.25,100.47244594768247
790,2016-02-22,14627,58.54,9.49279,1.25,100.47244594768247
791,2016-02-29,16087,58.48,9.3344,1.25,100.47244594768247
792,2016-03-07,16059,56.07,9.39281,1.25,96.81118848839199
793,2016-03-14,17936,57.88,9.44525,1.25,96.81118848839199
794,2016-03-21,10405,62.51,9.46905,1.25,96.81118848839199
795,2016-03-28,13750,61.98,9.4668,1.25,96.81118848839199
796,2016-04-04,15627,59.03,9.3786,1.25,97.73176378437216
797,2016-04-11,16367,55.56,9.38918,1.25,97.73176378437216
798,2016-04-18,15169,56.47,9.2493,1.25,97.73176378437216
799,2016-04-25,15425,55.65,9.22675,1.25,97.73176378437216
800,2016-05-02,14032,56.88,9.34443,1.25,99.52873826708918
801,2016-05-09,17283,62.19,9.2712,1.25,99.52873826708918
802,2016-05-16,12320,65.71,9.34033,1.25,99.52873826708918
803,2016-05-23,16324,57.41,9.265,1.25,99.52873826708918
804,2016-05-30,15456,57.91,9.27845,1.25,99.52873826708918
805,2016-06-06,12500,64.7,9.29635,1.25,98.59856891913559
806,2016-06-13,14209,69.44,9.39955,1.25,98.59856891913559
807,2016-06-20,13845,67.4,9.42286,1.25,98.59856891913559
808,2016-06-27,12619,65.02,9.27416,1.25,98.59856891913559
809,2016-07-04,11925,70.96,9.41775,1.0,99.06886024438349
810,2016-07-11,13694,70.38,9.36105,1.0,99.06886024438349
811,2016-07-18,13629,65.12,9.38066,1.0,99.06886024438349
812,2016-07-25,14947,59.41,9.42503,1.0,99.06886024438349
813,2016-08-01,15413,57.52,9.4345,1.0,99.16606737169667
814,2016-08-08,16386,59.61,9.1657,1.0,99.16606737169667
815,2016-08-15,16680,59.23,9.3076,1.0,99.16606737169667
816,2016-08-22,16188,56.36,9.27699,1.0,99.16606737169667
817,2016-08-29,16810,56.47,9.2679,1.0,99.16606737169667
818,2016-09-05,18063,55.28,9.26909,1.0,97.05679659398211
819,2016-09-12,18559,52.78,9.27795,1.0,97.05679659398211
820,2016-09-19,19576,53.36,9.10853,1.0,97.05679659398211
821,2016-09-26,19426,55.39,8.97952,1.0,97.05679659398211
822,2016-10-03,18261,58.64,9.06174,0.75,92.42203437488605
823,2016-10-10,16770,59.67,9.02676,0.75,92.42203437488605
824,2016-10-17,17137,61.36,8.9839,0.75,92.42203437488605
825,2016-10-24,16888,61.5,9.07067,0.75,92.42203437488605
826,2016-10-31,18472,60.65,9.04828,0.75,92.42203437488605
827,2016-11-07,17125,59.63,9.12197,0.75,89.13583696007734
828,2016-11-14,18009,63.57,9.099,0.75,89.13583696007734
829,2016-11-21,18734,62.46,9.09496,0.75,89.13583696007734
830,2016-11-28,19131,62.94,8.9596,0.75,89.13583696007734
831,2016-12-05,18476,66.44,8.94191,0.75,86.9847670307388
832,2016-12-12,19450,69.28,9.06557,0.75,86.9847670307388
833,2016-12-19,15026,73.09,9.07199,0.75,86.9847670307388
834,2016-12-26,10408,73.53,9.07738,0.75,86.9847670307388
835,2017-01-02,11950,75.25,8.9872,0.75,84.18047047288842
836,2017-01-09,13217,72.42,9.04432,0.75,84.18047047288842
837,2017-01-16,14219,72.5,8.9882,0.75,84.18047047288842
838,2017-01-23,14137,70.35,8.91996,0.75,84.18047047288842
839,2017-01-30,14426,66.01,8.8479,0.75,84.18047047288842
840,2017-02-06,14901,64.96,8.91542,0.75,85.90911031602239
841,2017-02-13,14775,64.08,8.8615,0.75,85.90911031602239
842,2017-02-20,15311,63.2,8.8458,0.75,85.90911031602239
843,2017-02-27,15774,59.55,8.94429,0.75,85.90911031602239
844,2017-03-06,15606,58.36,9.1878,0.75,86.10363866659418
845,2017-03-13,15294,61.98,9.09002,0.75,86.10363866659418
846,2017-03-20,16351,63.76,9.17309,0.75,86.10363866659418
847,2017-03-27,17821,62.7,9.15605,0.75,86.10363866659418
848,2017-04-03,18658,62.82,9.16475,0.5,87.9146180700615
849,2017-04-10,11516,65.13,9.10927,0.5,87.9146180700615
850,2017-04-17,14381,64.85,9.26939,0.5,87.9146180700615
851,2017-04-24,13791,62.17,9.34119,0.5,87.9146180700615
852,2017-05-01,12105,65.79,9.4395,0.5,90.15529056498318
853,2017-05-08,14305,70.18,9.35912,0.5,90.15529056498318
854,2017-05-15,13034,72.47,9.38478,0.5,90.15529056498318
855,2017-05-22,13773,72.17,9.3734,0.5,90.15529056498318
856,2017-05-29,14551,66.02,9.50092,0.5,90.15529056498318
857,2017-06-05,12787,69.91,9.51819,0.5,94.28035407154802
858,2017-06-12,13680,67.87,9.4605,0.5,94.28035407154802
859,2017-06-19,13724,68.96,9.45289,0.5,94.28035407154802
860,2017-06-26,14485,69.36,9.52736,0.5,94.28035407154802
861,2017-07-03,15795,65.71,9.5269,0.5,95.31251079264506
862,2017-07-10,14234,63.22,9.38722,0.5,95.31251079264506
863,2017-07-17,14428,65.12,9.37824,0.5,95.31251079264506
864,2017-07-24,15251,62.11,9.298,0.5,95.31251079264506
865,2017-07-31,16311,60.55,9.35526,0.5,95.31251079264506
866,2017-08-07,17373,59.53,9.37416,0.5,96.41849685828329
867,2017-08-14,17023,55.63,9.30317,0.5,96.41849685828329
868,2017-08-21,16988,56.8,9.2426,0.5,96.41849685828329
869,2017-08-28,18043,54.89,9.2529,0.5,96.41849685828329
870,2017-09-04,18273,55.56,9.3138,0.5,94.85958927864448
871,2017-09-11,19307,53.85,9.37758,0.5,94.85958927864448
872,2017-09-18,18876,55.3,9.322,0.5,94.85958927864448
873,2017-09-25,19317,57.21,9.40499,0.5,94.85958927864448
874,2017-10-02,18964,56.61,9.3802,0.5,93.02399530083477
875,2017-10-09,18213,54.52,9.3283,0.5,93.02399530083477
876,2017-10-16,18824,55.32,9.4076,0.5,93.02399530083477
877,2017-10-23,20343,53.17,9.4562,0.5,93.02399530083477
878,2017-10-30,19574,49.05,9.4887,0.5,93.02399530083477
879,2017-11-06,19123,51.25,9.4874,0.5,93.44477137105665
880,2017-11-13,19542,53.89,9.7174,0.5,93.44477137105665
881,2017-11-20,19795,49.02,9.7009,0.5,93.44477137105665
882,2017-11-27,20927,48.65,9.8475,0.5,93.44477137105665
883,2017-12-04,21601,53.36,9.7688,0.5,90.65098912536658
884,2017-12-11,24582,53.76,9.8504,0.5,90.65098912536658
885,2017-12-18,19386,54.73,9.8781,0.5,90.65098912536658
886,2017-12-25,9901,56.23,9.8483,0.5,90.65098912536658
887,2018-01-01,14259,58.52,9.6814,0.5,91.94600369555633
888,2018-01-08,17007,57.28,9.6645,0.5,91.94600369555633
889,2018-01-15,16479,55.46,9.596,0.5,91.94600369555633
890,2018-01-22,17441,56.96,9.59923,0.5,91.94600369555633
891,2018-01-29,17266,56.86,9.6324,0.5,91.94600369555633
892,2018-02-05,16515,54.69,9.7518,0.5,93.9343150633508
893,2018-02-12,15052,56.52,9.6509,0.5,93.9343150633508
894,2018-02-19,15688,62.2,9.6466,0.5,93.9343150633508
895,2018-02-26,15230,65.16,9.5886,0.5,93.9343150633508
896,2018-03-05,15825,67.57,9.649,0.5,95.65376353251953
897,2018-03-12,17862,67.94,9.4931,0.5,95.65376353251953
898,2018-03-19,19138,65.12,9.5841,0.5,95.65376353251953
899,2018-03-26,11423,71.75,9.662,0.5,95.65376353251953
900,2018-04-02,13953,71.5,9.6132,0.5,97.58556525876489
901,2018-04-09,15751,68.21,9.5899,0.5,97.58556525876489
902,2018-04-16,15094,67.32,9.578,0.5,97.58556525876489
903,2018-04-23,14510,66.79,9.6579,0.5,97.58556525876489
904,2018-04-30,13735,71.16,9.6315,0.5,97.58556525876489
905,2018-05-07,14991,75.4,9.5625,0.5,99.45910618879982
906,2018-05-14,14951,76.09,9.5542,0.5,99.45910618879982
907,2018-05-21,15363,73.71,9.5229,0.5,99.45910618879982
908,2018-05-28,16826,66.17,9.5417,0.5,99.45910618879982
909,2018-06-04,16732,61.34,9.4835,0.5,100.6855710196529
910,2018-06-11,16548,65.0,9.4565,0.5,100.6855710196529
911,2018-06-18,16297,61.7,9.429,0.5,100.6855710196529
912,2018-06-25,16929,58.25,9.5164,0.5,100.6855710196529
913,2018-07-02,17914,58.55,9.4261,0.5,101.19215049416724
914,2018-07-09,17402,55.4,9.4837,0.5,101.19215049416724
915,2018-07-16,17286,55.14,9.556,0.5,101.19215049416724
916,2018-07-23,17367,56.07,9.5439,0.5,101.19215049416724
917,2018-07-30,17466,57.44,9.5482,0.5,101.19215049416724
918,2018-08-06,18978,57.33,9.5419,0.5,100.34731104316262
919,2018-08-13,19004,53.62,9.6653,0.5,100.34731104316262
920,2018-08-20,18551,52.99,9.67781,0.5,100.34731104316262
921,2018-08-27,17501,57.43,9.7273,0.5,100.34731104316262
922,2018-09-03,17919,62.6,9.7621,0.5,99.15465351608877
923,2018-09-10,18489,62.1,9.6052,0.5,99.15465351608877
924,2018-09-17,17736,60.28,9.5751,0.5,99.15465351608877
925,2018-09-24,19344,59.15,9.4518,0.5,99.15465351608877
926,2018-10-01,19999,57.93,9.517,0.5,98.43461310703098
927,2018-10-08,19237,58.49,9.51922,0.5,98.43461310703098
928,2018-10-15,20828,58.95,9.4781,0.5,98.43461310703098
929,2018-10-22,19103,57.77,9.524,0.5,98.43461310703098
930,2018-10-29,19305,59.07,9.52592,0.5,98.43461310703098
931,2018-11-05,18638,57.37,9.5608,0.5,98.42955409700828
932,2018-11-12,19468,55.9,9.5895,0.5,98.42955409700828
933,2018-11-19,19701,53.84,9.71,0.5,98.42955409700828
934,2018-11-26,19860,55.76,9.7293,0.5,98.42955409700828
935,2018-12-03,21773,59.5,9.6884,0.5,96.08213693247319
936,2018-12-10,23046,58.87,9.7187,0.5,96.08213693247319
937,2018-12-17,21874,58.2,9.9627,0.5,96.08213693247319
938,2018-12-24,9179,65.15,9.9669,0.5,96.08213693247319
939,2018-12-31,12098,66.66,9.8125,0.5,96.08213693247319
940,2019-01-07,16968,63.9,9.7876,0.5,95.63350730281176
941,2019-01-14,15367,62.88,9.73651,0.5,95.63350730281176
942,2019-01-21,17427,60.83,9.7114,0.5,95.63350730281176
943,2019-01-28,16333,57.41,9.666,0.5,95.63350730281176
944,2019-02-04,17688,56.73,9.7807,0.5,96.96319482680205
945,2019-02-11,17634,56.82,9.7512,0.5,96.96319482680205
946,2019-02-18,17103,60.0,9.7508,0.5,96.96319482680205
947,2019-02-25,15192,65.65,9.7533,0.5,96.96319482680205
948,2019-03-04,14387,72.45,9.8203,0.5,97.18981525782824
949,2019-03-11,14472,71.55,9.68831,0.5,97.18981525782824
950,2019-03-18,16569,67.78,9.52534,0.5,97.18981525782824
951,2019-03-25,17460,65.13,9.8008,0.5,97.18981525782824
952,2019-04-01,17409,68.21,9.6478,0.5,95.93906664465555
953,2019-04-08,19916,67.33,9.5918,0.5,95.93906664465555
954,2019-04-15,12499,71.45,9.56202,0.5,95.93906664465555
955,2019-04-22,16037,69.53,9.6782,0.5,95.93906664465555
956,2019-04-29,16133,62.85,9.78252,0.5,95.93906664465555
957,2019-05-06,16315,61.94,9.8528,0.5,95.3409780535099
958,2019-05-13,16127,65.48,9.78153,0.5,95.3409780535099
959,2019-05-20,18992,61.33,9.7303,0.5,95.3409780535099
960,2019-05-27,17473,58.52,9.76837,0.5,95.3409780535099
961,2019-06-03,15457,61.85,9.80312,0.5,95.08663138095173
962,2019-06-10,15627,69.9,9.7678,0.5,95.08663138095173
963,2019-06-17,17756,64.09,9.65683,0.5,95.08663138095173
964,2019-06-24,17510,60.12,9.6758,0.5,95.08663138095173
965,2019-07-01,15805,61.06,9.6709,0.5,94.63847506032614
966,2019-07-08,16630,64.64,9.6118,0.5,94.63847506032614
967,2019-07-15,16754,60.18,9.6168,0.5,94.63847506032614
968,2019-07-22,18839,56.16,9.66832,0.5,94.63847506032614
969,2019-07-29,19422,54.13,9.85414,0.5,94.63847506032614
970,2019-08-05,19035,54.45,9.98073,0.5,95.77583936196832
971,2019-08-12,19510,55.05,10.01883,0.5,95.77583936196832
972,2019-08-19,20732,51.82,9.9861,0.5,95.77583936196832
973,2019-08-26,19995,55.1,10.05454,0.5,95.77583936196832
974,2019-09-02,20918,53.07,9.8954,0.5,94.05320034899498
975,2019-09-09,21666,50.8,9.9498,0.5,94.05320034899498
976,2019-09-16,22100,48.62,9.9109,0.5,94.05320034899498
977,2019-09-23,22761,47.73,9.85641,0.5,94.05320034899498
978,2019-09-30,21618,46.83,9.97135,0.5,94.05320034899498
979,2019-10-07,21887,50.7,9.96588,0.75,92.31749672396941
980,2019-10-14,21025,54.66,10.215,0.75,92.31749672396941
981,2019-10-21,21587,53.87,10.1934,0.75,92.31749672396941
982,2019-10-28,21899,52.99,10.147,0.75,92.31749672396941
983,2019-11-04,19393,54.48,10.06984,0.75,92.88897923009593
984,2019-11-11,20563,58.63,10.0405,0.75,92.88897923009593
985,2019-11-18,21543,61.56,10.07912,0.75,92.88897923009593
986,2019-11-25,21783,63.25,10.15271,0.75,92.88897923009593
987,2019-12-02,20399,63.72,10.09076,0.75,92.8938708589582
988,2019-12-09,22556,68.76,10.03444,0.75,92.8938708589582
989,2019-12-16,20352,75.05,9.93174,0.75,92.8938708589582
990,2019-12-23,8714,77.04,9.84864,0.75,92.8938708589582
991,2019-12-30,11249,78.2,9.85215,0.75,92.8938708589582
992,2020-01-06,16141,77.63,9.88075,0.75,92.26988564239737
993,2020-01-13,17512,76.38,9.88331,0.75,92.26988564239737
994,2020-01-20,16034,75.53,9.96448,0.75,92.26988564239737
995,2020-01-27,16259,70.25,10.20599,0.75,92.26988564239737
996,2020-02-03,15452,65.56,10.16524,0.75,93.09461834141972
997,2020-02-10,17375,64.49,10.00884,0.75,93.09461834141972
998,2020-02-17,15504,68.42,10.0634,0.75,93.09461834141972
999,2020-02-24,16153,72.8,10.35303,0.75,93.09461834141972
1000,2020-03-02,14891,67.74,10.43799,0.75,94.57807371041915
1001,2020-03-09,18009,66.17,10.56284,0.75,94.57807371041915
1002,2020-03-16,15332,61.29,12.5027,0.75,94.57807371041915
1003,2020-03-23,15676,58.95,11.69739,0.75,94.57807371041915
1004,2020-03-30,16955,60.04,11.4518,0.75,94.57807371041915
1005,2020-04-06,11992,59.34,11.15621,1.0,97.75572565001126
1006,2020-04-13,15119,56.11,11.21487,1.0,97.75572565001126
1007,2020-04-20,16029,56.46,11.26887,1.0,97.75572565001126
1008,2020-04-27,15212,55.85,11.3169,1.0,97.75572565001126
1009,2020-05-04,15927,54.66,11.0765,1.0,100.53532046660378
1010,2020-05-11,16824,59.17,11.0655,1.0,100.53532046660378
1011,2020-05-18,15417,65.46,10.85991,1.0,100.53532046660378
1012,2020-05-25,16342,64.28,10.7739,1.0,100.53532046660378
1013,2020-06-01,13442,69.23,10.43126,1.0,101.2304790471047
1014,2020-06-08,17174,69.94,10.85766,1.0,101.2304790471047
1015,2020-06-15,16081,61.92,10.77688,1.0,101.2304790471047
1016,2020-06-22,15888,59.01,10.86447,1.0,101.2304790471047
1017,2020-06-29,16147,59.81,10.63267,1.0,101.2304790471047
1018,2020-07-06,18090,58.69,10.689,1.25,102.44213770947125
1019,2020-07-13,17391,52.68,10.60506,1.25,102.44213770947125
1020,2020-07-20,16482,52.23,10.67695,1.25,102.44213770947125
1021,2020-07-27,16616,49.72,10.6831,1.25,102.44213770947125
1022,2020-08-03,18471,49.62,10.62644,1.25,102.27433753574138
1023,2020-08-10,17910,51.7,10.5139,1.25,102.27433753574138
1024,2020-08-17,18922,52.61,10.62424,1.25,102.27433753574138
1025,2020-08-24,18760,49.25,10.47056,1.25,102.27433753574138
1026,2020-08-31,21788,48.9,10.53749,1.25,102.27433753574138
1027,2020-09-07,21188,49.46,10.73073,1.25,101.01671562781863
1028,2020-09-14,20791,48.5,10.75606,1.25,101.01671562781863
1029,2020-09-21,20748,50.77,11.11212,1.25,101.01671562781863
1030,2020-09-28,23535,49.83,10.86562,1.25,101.01671562781863
1031,2020-10-05,22748,48.58,10.8,1.5,101.55127368509456
1032,2020-10-12,21602,50.0,10.98849,1.5,101.55127368509456
1033,2020-10-19,21738,48.04,10.90188,1.5,101.55127368509456
1034,2020-10-26,21486,47.09,11.11721,1.5,101.55127368509456
1035,2020-11-02,21382,46.9,10.84137,1.5,106.52632019552084
1036,2020-11-09,20136,47.98,10.83479,1.5,106.52632019552084
1037,2020-11-16,21750,48.58,10.64463,1.5,106.52632019552084
1038,2020-11-23,21964,47.67,10.56879,1.5,106.52632019552084
1039,2020-11-30,23507,46.35,10.65348,1.5,106.52632019552084
1040,2020-12-07,24043,46.09,10.683,1.5,106.64799397461408
1041,2020-12-14,24827,46.24,10.49902,1.5,106.64799397461408
1042,2020-12-21,14127,50.22,10.46715,1.5,106.64799397461408
1043,2020-12-28,13597,54.01,10.43101,1.5,106.64799397461408
1044,2021-01-04,18590,50.38,10.27501,1.5,103.6103257073161
1045,2021-01-11,18720,46.55,10.36293,1.5,103.6103257073161
1046,2021-01-18,19141,49.81,10.31249,1.5,103.6103257073161
1047,2021-01-25,20045,47.94,10.06022,1.5,103.6103257073161
1048,2021-02-01,19322,47.31,10.24164,1.5,100.46310728116579
1049,2021-02-08,20115,51.21,10.25137,1.5,100.46310728116579
1050,2021-02-15,19128,51.07,10.25111,1.5,100.46310728116579
1051,2021-02-22,16754,55.51,10.4618,1.5,100.46310728116579
1052,2021-03-01,17969,63.31,10.17739,1.5,99.42505657216657
1053,2021-03-08,16959,62.79,10.05286,1.5,99.42505657216657
1054,2021-03-15,17699,59.97,10.11533,1.5,99.42505657216657
1055,2021-03-22,20495,62.06,10.06055,1.5,99.42505657216657
1056,2021-03-29,14286,65.25,10.03095,1.5,99.42505657216657
1057,2021-04-05,15144,65.17,10.10087,0.25,96.90645774765845
1058,2021-04-12,17979,60.99,10.031,0.25,96.90645774765845
1059,2021-04-19,16234,61.13,10.031,0.25,96.90645774765845
1060,2021-04-26,14629,65.74,9.90209,0.25,96.90645774765845
1061,2021-05-03,14137,65.06,10.004,0.25,95.41591323779082
1062,2021-05-10,14863,71.08,10.01101,0.25,95.41591323779082
1063,2021-05-17,14746,68.48,10.17079,0.25,95.41591323779082
1064,2021-05-24,15977,63.53,10.16958,0.25,95.41591323779082
1065,2021-05-31,17993,59.59,10.09816,0.25,95.41591323779082
1066,2021-06-07,17277,57.64,10.0918,0.0,94.81641037059072
1067,2021-06-14,17738,61.45,10.25515,0.0,94.81641037059072
1068,2021-06-21,19385,60.12,10.15101,0.0,94.81641037059072
1069,2021-06-28,18688,59.17,10.19619,0.0,94.81641037059072
1070,2021-07-05,18410,59.85,10.19931,0.0,92.22705104573127
1071,2021-07-12,17066,64.69,10.4557,0.0,92.22705104573127
1072,2021-07-19,19289,66.05,10.40923,0.0,92.22705104573127
1073,2021-07-26,19460,62.03,10.46046,0.0,92.22705104573127
1074,2021-08-02,20239,58.52,10.4475,0.0,92.20301752008979
1075,2021-08-09,21558,59.08,10.26537,0.0,92.20301752008979
1076,2021-08-16,22000,56.91,10.44622,0.0,92.20301752008979
1077,2021-08-23,23881,54.08,10.2757,0.0,92.20301752008979
1078,2021-08-30,24787,54.41,10.29348,0.0,92.20301752008979
1079,2021-09-06,26422,52.3,10.23228,0.0,91.47403329229505
1080,2021-09-13,25827,53.43,10.20085,0.0,91.47403329229505
1081,2021-09-20,26728,52.88,10.06394,0.0,91.47403329229505
1082,2021-09-27,26410,53.54,9.85874,0.0,91.47403329229505
1083,2021-10-04,25798,55.33,9.8776,0.0,91.78344324904614
1084,2021-10-11,24509,58.39,9.55396,0.0,91.78344324904614
1085,2021-10-18,22881,59.63,9.65402,0.0,91.78344324904614
1086,2021-10-25,24174,57.98,9.72902,0.0,91.78344324904614
1087,2021-11-01,25120,56.09,9.89577,0.0,93.31812057540095
1088,2021-11-08,24527,54.86,9.91805,0.0,93.31812057540095
1089,2021-11-15,24388,58.13,10.02509,0.0,93.31812057540095
1090,2021-11-22,24322,61.84,10.21194,0.0,93.31812057540095
1091,2021-11-29,23677,61.11,10.39057,0.0,93.31812057540095
1092,2021-12-06,23597,65.06,10.11361,0.0,94.84511619024265
1093,2021-12-13,25735,71.77,9.83719,0.0,94.84511619024265
1094,2021-12-20,18099,71.32,10.01133,0.0,94.84511619024265
1095,2021-12-27,14360,68.38,9.99581,0.0,94.84511619024265
1096,2022-01-03,18114,67.32,10.03105,0.0,95.96084762748598
1097,2022-01-10,17600,72.05,9.88882,0.0,95.96084762748598
1098,2022-01-17,17699,72.97,10.08932,0.0,95.96084762748598
1099,2022-01-24,18163,70.56,9.99617,0.0,95.96084762748598
1100,2022-01-31,17327,74.42,10.06106,0.0,95.96084762748598
1101,2022-02-07,17680,77.55,10.0646,0.0,97.7681893822914
1102,2022-02-14,17933,87.6,10.17137,0.0,97.7681893822914
1103,2022-02-21,17513,87.92,9.94852,0.0,97.7681893822914
1104,2022-02-28,16643,83.75,9.7769,0.0,97.7681893822914
1105,2022-03-07,16738,83.23,9.6095,0.0,100.76273942479261
1106,2022-03-14,17326,78.28,9.6334,0.0,100.76273942479261
1107,2022-03-21,17129,83.53,9.4509,0.0,100.76273942479261
1108,2022-03-28,16023,84.16,9.6567,0.0,100.76273942479261
1109,2022-04-04,17628,93.21,9.46281,0.0,104.34529890067319
1110,2022-04-11,12041,94.63,9.49639,0.0,104.34529890067319
1111,2022-04-18,13181,98.93,9.6683,0.0,104.34529890067319
1112,2022-04-25,14245,107.75,9.89587,0.0,104.34529890067319
1113,2022-05-02,13902,108.21,10.01437,0.0,107.3844077011493
1114,2022-05-09,16113,97.65,9.39832,0.0,107.3844077011493
1115,2022-05-16,13367,92.71,8.6397,0.0,107.3844077011493
1116,2022-05-23,14301,95.13,10.15416,0.0,107.3844077011493
1117,2022-05-30,16537,95.88,9.97416,0.0,107.3844077011493
1118,2022-06-06,13618,96.66,10.2047,0.0,110.68657160811617
1119,2022-06-13,15317,98.43,10.48744,0.0,110.68657160811617
1120,2022-06-20,16619,97.43,10.38863,0.0,110.68657160811617
1121,2022-06-27,16407,93.13,10.13278,0.0,110.68657160811617
1122,2022-07-04,16656,90.29,10.2345,0.0,114.1132983582417
1123,2022-07-11,17935,88.52,10.25145,0.0,114.1132983582417
1124,2022-07-18,18927,80.74,8.80716,0.0,114.1132983582417
1125,2022-07-25,18358,74.23,9.8865,0.0,114.1132983582417
1126,2022-08-01,18577,75.23,9.9573,0.0,113.43289955758821
1127,2022-08-08,20183,73.83,9.82076,0.0,113.43289955758821
1128,2022-08-15,22368,69.86,9.8377,0.0,113.43289955758821
1129,2022-08-22,24160,64.62,9.65705,0.0,113.43289955758821
1130,2022-08-29,24010,61.94,9.98233,0.0,113.43289955758821
1131,2022-09-05,25032,61.8,9.9619,0.0,112.68191288141296
1132,2022-09-12,25816,64.49,10.20119,0.0,112.68191288141296
1133,2022-09-19,27882,64.55,10.28429,0.0,112.68191288141296
1134,2022-09-26,26236,65.67,10.66679,0.0,112.68191288141296
1135,2022-10-03,24934,69.38,10.4309,0.25,111.96925480836586
1136,2022-10-10,25531,72.88,10.39339,0.25,111.96925480836586
1137,2022-10-17,25004,72.09,10.33611,0.25,111.96925480836586
1138,2022-10-24,23779,70.64,10.29659,0.25,111.96925480836586
1139,2022-10-31,23740,70.76,10.19725,0.25,111.96925480836586
1140,2022-11-07,24421,68.43,10.28319,0.25,112.50964469359232
1141,2022-11-14,22962,70.55,10.51843,0.25,112.50964469359232
1142,2022-11-21,22492,78.0,10.26931,0.25,112.50964469359232
1143,2022-11-28,22316,81.7,10.3009,0.25,112.50964469359232
1144,2022-12-05,23460,77.77,10.52127,0.25,111.02985848433802
1145,2022-12-12,24342,77.35,10.46731,0.25,111.02985848433802
1146,2022-12-19,18401,74.71,10.4835,0.25,111.02985848433802
1147,2022-12-26,13731,86.33,10.4933,0.25,111.02985848433802
1148,2023-01-02,14932,89.67,10.6481,0.5,112.14742555131123
1149,2023-01-09,15402,97.51,10.68576,0.5,112.14742555131123
1150,2023-01-16,16564,94.98,10.722,0.5,112.14742555131123
1151,2023-01-23,16916,89.77,10.74309,0.5,112.14742555131123
1152,2023-01-30,16946,93.07,11.02787,0.5,112.14742555131123
1153,2023-02-06,15269,93.3,10.83773,0.5,113.87343719202683
1154,2023-02-13,14851,103.22,10.99419,0.5,113.87343719202683
1155,2023-02-20,14905,112.46,10.9527,0.5,113.87343719202683
1156,2023-02-27,15004,119.48,11.0383,0.5,113.87343719202683
1157,2023-03-06,13901,118.23,11.31859,0.5,119.322155283002
1158,2023-03-13,13786,122.88,11.41383,0.5,119.322155283002
1159,2023-03-20,15972,117.32,11.27451,0.5,119.322155283002
1160,2023-03-27,17460,111.04,11.3502,0.5,119.322155283002
1161,2023-04-03,11722,109.21,11.45169,0.75,121.90191502509091
1162,2023-04-10,15265,113.39,11.40291,0.75,121.90191502509091
1163,2023-04-17,16060,120.57,11.60558,0.75,121.90191502509091
1164,2023-04-24,17281,111.63,11.74669,0.75,121.90191502509091
1165,2023-05-01,13735,112.37,11.644,0.75,122.87328419098552
1166,2023-05-08,15822,108.66,11.59381,0.75,122.87328419098552
1167,2023-05-15,11512,110.87,11.76049,0.75,122.87328419098552
1168,2023-05-22,15492,108.65,11.8956,0.75,122.87328419098552
1169,2023-05-29,15666,112.95,11.80085,0.75,122.87328419098552
1170,2023-06-05,18299,110.08,11.57209,0.75,125.92293140002921
1171,2023-06-12,17359,100.75,11.54435,0.75,125.92293140002921
1172,2023-06-19,16792,89.46,11.79033,0.75,125.92293140002921
1173,2023-06-26,17238,92.04,11.7167,0.75,125.92293140002921
1174,2023-07-03,19220,94.9,11.64445,1.25,124.05344618623685
1175,2023-07-10,17844,97.02,11.2754,1.25,124.05344618623685
1176,2023-07-17,17898,92.67,11.21017,1.25,124.05344618623685
1177,2023-07-24,19604,86.14,11.23369,1.25,124.05344618623685
1178,2023-07-31,20469,83.28,11.1605,1.25,124.05344618623685
1179,2023-08-07,21060,80.26,11.41363,1.25,121.09402125915713
1180,2023-08-14,22698,78.14,11.56433,1.25,121.09402125915713
1181,2023-08-21,24089,76.87,11.55331,1.25,121.09402125915713
1182,2023-08-28,25260,75.15,11.48907,1.25,121.09402125915713
1183,2023-09-04,25523,76.81,11.4317,1.75,120.27593667753011
1184,2023-09-11,25480,77.05,11.4945,1.75,120.27593667753011
1185,2023-09-18,24851,76.93,11.4549,1.75,120.27593667753011
1186,2023-09-25,24952,80.54,11.29301,1.75,120.27593667753011
1187,2023-10-02,25979,82.68,11.55185,2.25,116.8258543618208
1188,2023-10-09,24679,81.28,11.48181,2.25,116.8258543618208
1189,2023-10-16,24609,85.69,11.71537,2.25,116.8258543618208
1190,2023-10-23,26459,83.27,11.81701,2.25,116.8258543618208
1191,2023-10-30,24437,81.11,11.84201,2.25,116.8258543618208
1192,2023-11-06,23852,81.99,11.87241,2.25,114.62622167264485
1193,2023-11-13,24833,81.52,11.79277,2.25,114.62622167264485
1194,2023-11-20,22141,83.51,11.72419,2.25,114.62622167264485
1195,2023-11-27,22910,85.52,11.61061,2.25,114.62622167264485
1196,2023-12-04,22243,86.73,11.73763,2.5,112.40399127691443
1197,2023-12-11,24551,87.82,11.424,2.5,112.40399127691443
1198,2023-12-18,18480,91.03,11.23379,2.5,112.40399127691443
1199,2023-12-25,10440,100.7,11.22391,2.5,112.40399127691443
